{"errors":[],"warnings":[],"namedChunkGroups":{"app":{"chunks":[5,4,0],"assets":["webpack-runtime-8b1c1066f7e2ece87bfb.js","webpack-runtime-8b1c1066f7e2ece87bfb.js.map","framework-16534ddc5a576711dd15.js","framework-16534ddc5a576711dd15.js.map","app-343425122420b5bde531.js","app-343425122420b5bde531.js.map"],"children":{},"childAssets":{}},"component---src-pages-about-js":{"chunks":[1],"assets":["component---src-pages-about-js-006402dd61da48cc8510.js","component---src-pages-about-js-006402dd61da48cc8510.js.map"],"children":{},"childAssets":{}},"component---src-pages-contact-js":{"chunks":[2],"assets":["component---src-pages-contact-js-cf06383d2b241a9edc08.js","component---src-pages-contact-js-cf06383d2b241a9edc08.js.map"],"children":{},"childAssets":{}},"component---src-pages-index-js":{"chunks":[3],"assets":["component---src-pages-index-js-6836fc1d53051b6bfdfa.js","component---src-pages-index-js-6836fc1d53051b6bfdfa.js.map"],"children":{},"childAssets":{}}},"assetsByChunkName":{"app":["webpack-runtime-8b1c1066f7e2ece87bfb.js","framework-16534ddc5a576711dd15.js","app-343425122420b5bde531.js"],"component---src-pages-about-js":["component---src-pages-about-js-006402dd61da48cc8510.js"],"component---src-pages-contact-js":["component---src-pages-contact-js-cf06383d2b241a9edc08.js"],"component---src-pages-index-js":["component---src-pages-index-js-6836fc1d53051b6bfdfa.js"]}}